feature_names,importance
thank,0.0931548071409
sorri,0.0272497450189
exclam,0.0269961229009
question_mark,0.0176884483354
pos_emoticon,0.0170072426147
but,0.0144704925345
describ,0.0116384488013
me,0.0110292498906
ellipsi,0.0108817585845
whi,0.0106325329422
good,0.010290206531
regard,0.00971766142921
not_work,0.00950955883296
weird,0.00908863846511
time,0.00885783885845
yesterday,0.0087031963988
work,0.00863694067965
cool,0.00856782331928
wor,0.00785570548569
annoy,0.00775726158485
think,0.00769563166934
well,0.00749247338382
m,0.0074647466158
yep,0.00742382968537
awesom,0.00737464097095
nice,0.00726418167499
problem,0.0072215859849
ag,0.00693662681097
this,0.00678936714649
not_enough,0.00662782099587
my,0.0066116040794
not_bett,0.00660657549613
confus,0.00660269888893
not_sorri,0.0064548244935
help,0.00644623357923
chroot,0.00635609993708
interest,0.00633683844901
thx,0.00632631842904
incompat,0.00626331447772
issu,0.00603875012359
or,0.00603617180171
would,0.00602293111735
not_know,0.00592939954634
glad,0.00587944729582
schedul,0.00574463030134
still,0.00570648900292
broken,0.00566010405392
get,0.005560512655
realli,0.00550601392449
not_nic,0.00544117293213
could,0.00535251181571
there,0.00534894634728
download,0.00534175527321
seem,0.00511568657335
document,0.00507648832055
fine,0.00475475800788
concept,0.0046607019191
happi,0.00465843971597
relea,0.0046339371773
misunderstand,0.00459120879774
comput,0.00456594211776
capistrano,0.00455548471878
marker,0.00453298670849
not_okay,0.00439607376415
meant,0.004161022197
not_go,0.00415001226423
bad,0.00405324769046
not_ther,0.0039123100208
agr,0.00389654510208
hard,0.00382293679651
doe,0.00369920419021
unfortun,0.00367913266073
sen,0.00362147352041
die,0.00361343419145
ad,0.00358803355143
fun,0.00351587911267
block,0.00350552027971
both,0.00350379200921
ind,0.0034960780967
not_perfect,0.00347411753691
those,0.00344227343849
system,0.00331299972932
set,0.00330061648494
we,0.00326693209358
not_hav,0.00323337876098
most,0.00320334514054
28,0.00316646462834
too,0.0031349110207
perhap,0.00308878434989
one,0.00302875656259
minut,0.00302209607273
smart,0.00302164026741
not_oth,0.00300848417147
neg_emoticon,0.00299427533063
written,0.00289922654072
not_happi,0.00277064442539
domain,0.00272866874744
not_distinct,0.00271946494785
yup,0.0026889426483
rc2,0.00268700469061
sound,0.00268592058764
cras,0.00267134534572
g,0.00264533566761
page,0.00263494550391
what,0.00263414710987
version,0.00261913558422
improv,0.00261829005561
call,0.0025983109007
cost,0.00259782319274
appropri,0.00259467347969
attach,0.00257938678411
like,0.00250335457622
read,0.00249639511014
channel,0.00248650757082
special,0.00246693651824
follow,0.00246237789309
link,0.00238937801303
mile,0.00232238670415
90,0.0023054831209
chang,0.00230233235531
pass,0.00228139805643
be,0.00226298921953
enough,0.00222621419401
not_handl,0.00219803257126
maintain,0.00219199408093
not_can,0.00217646542259
yeah,0.00216784894496
more,0.00214785534498
took,0.00212103225961
not_mak,0.00210722069925
appear,0.00207977609642
target,0.0020590842507
intro,0.00205828164036
ride,0.00204848623513
odd,0.00203728717209
even,0.0020105633021
becaus,0.0019836667249
refactor,0.00197852461737
all,0.00197513786868
bit,0.00193109144712
sad,0.00192443833176
pull,0.00191593253665
not_right,0.00188970054368
sever,0.00183783493003
8,0.00181921316132
not_particular,0.00179643915155
signif,0.00178622598381
them,0.00177791220017
latest,0.00177368288278
can,0.00176736742218
class,0.00172881623104
not_furth,0.00172269566043
use,0.00170930240788
recov,0.00170768839135
realm,0.00167686913233
confirm,0.00167263072132
approach,0.00166593198381
array,0.00165014243038
1000,0.00163190163161
not_good,0.0016027195754
oh,0.00159826132466
n,0.00158870390233
make,0.00158449140132
game,0.00157317039061
not_us,0.00155460253455
great,0.00154792133367
not_yet,0.00154352847831
yes,0.00152887555781
after,0.0015222149505
0,0.0015135401784
whether,0.00151216767398
step,0.00148632217523
function,0.00148440822922
not,0.00148071165973
scrapi,0.00147594569522
tree,0.0014621304167
command,0.00145397277753
final,0.00142013895132
task,0.00141473595559
not_fix,0.00136785572471
crash,0.00133743381318
not_audio,0.00129273266353
not_replac,0.00128725405237
thing,0.00128511970063
locat,0.00127002906345
idea,0.00125571495017
fail,0.00125559589231
better,0.00125439754756
ect,0.00122388631781
two,0.00118195935437
miss,0.00114419835973
gsoc,0.00113715023631
exist,0.00113312132304
exampl,0.001112130841
java,0.00110203473869
sinc,0.00108986300202
propag,0.00107032355481
request,0.00106843634785
searcher,0.00106129720603
troubl,0.00104400144797
variabl,0.00103508761675
s,0.00102509761291
valu,0.000996765812832
mattab,0.00099204770569
need,0.000991292495589
catch,0.000990577977727
apt,0.00098834853215
accept,0.000983319679039
vue,0.000979815405816
so,0.000968398280816
not_ll,0.000961907383606
look,0.000959323449684
not_quit,0.000955427704166
might,0.000938954913597
not_own,0.000936452214087
not_onc,0.000933088348679
lin,0.000931771260536
tini,0.000928667408248
desktop,0.00092467953808
not_introduc,0.000915317723478
not_would,0.000914199902778
name,0.000913281286262
dennisl,0.000906076532955
not_intern,0.000902319445964
silli,0.00089951575198
your,0.000896495656156
redappl,0.000892288344919
happen,0.000886867483698
stack,0.000874324226563
long,0.000869942277026
04,0.000862558341965
remov,0.000859011260615
separ,0.000850679029634
directori,0.000850327667982
string,0.000841832257542
entir,0.000828172333575
not_on,0.00082810684834
into,0.00082647890466
e,0.000825269610369
copi,0.000815517931153
2,0.000813914878463
not_first,0.000805756586816
not_built,0.000797515219434
now,0.000787370899154
product,0.000785587722188
non,0.000780079246479
support,0.000774472074427
virtualbox,0.000764260440026
tri,0.000759466704164
not_think,0.00075096604808
flowabl,0.000750507075537
worth,0.000739900054895
compon,0.000734180492971
cap,0.000726739924062
1,0.000725723645727
sampl,0.000719472164477
someth,0.000712781512628
show,0.000696512190776
actual,0.000693759842788
d,0.000689383688073
restart,0.000681919211133
not_add,0.000680575324694
ll,0.000679132696311
about,0.000660676528599
up,0.000655191003307
ship,0.000654080870806
execut,0.00064745798288
connect,0.000626829285583
alia,0.000626655201233
drive,0.000618841334852
in,0.000618705895756
oop,0.000617318294377
should,0.000600817057138
correct,0.000593798707491
welcom,0.000591341585722
relat,0.00058980167636
have,0.000589174455088
feel,0.000584727161921
local,0.000552846398456
ref,0.000552497918676
3,0.00054633961504
not_,0.000543095287096
under,0.000540524270289
let,0.000540425675649
not_abl,0.000531918545158
ve,0.000516827035348
leehambley,0.000507353338928
other,0.000506540969774
licit,0.000501411120098
assum,0.00050088277115
stage,0.000497432458802
line,0.000482059863893
been,0.000480774964762
know,0.000480138221331
kind,0.000477216875169
fix,0.000474457030824
not_how,0.000458468894028
r,0.000452757505212
return,0.000452343647341
type,0.000452290735459
not_real,0.000451279483642
instal,0.000448863007056
lot,0.000433169966731
bug,0.000425451597732
then,0.000414449749908
recent,0.000410957397404
same,0.000409631315001
file,0.000405453200502
resolv,0.000404159365294
if,0.000403237952615
generat,0.00040283666578
ignor,0.000400886624661
load,0.000397682705676
9,0.000394466287431
found,0.000386532742415
retri,0.00038242611265
not_could,0.000380334742482
thread,0.000377257273777
not_actu,0.000376078159159
much,0.00037577394586
done,0.000373435750817
want,0.000371490810949
part,0.000370855744088
key,0.000368714933637
not_wel,0.000367415277444
not_now,0.000366906071266
not_singl,0.000361604741899
mount,0.000359440430288
keep,0.00035295454888
4,0.000349605766598
insid,0.000349239312189
properti,0.000348400107986
user,0.000333832747045
mod,0.000332780907753
believ,0.000331132608181
ani,0.000330800466016
15,0.000327542615616
contain,0.000325694664923
corrupt,0.000325681810736
mean,0.000321675072028
bootstrap,0.00031691087062
way,0.000314047298593
edit,0.000307199346912
sensit,0.000306938365735
not_remov,0.000302441453407
dictionari,0.000298185265155
featur,0.000290014056155
such,0.000288892892554
sourc,0.000285666499153
wrong,0.00028377265183
mattbrictson,0.000276176846072
suck,0.000275851097275
caus,0.000273000353674
dev,0.000272370123494
sometim,0.000270458219081
plugin,0.000269872496586
project,0.00026862556245
own,0.000264205724766
extens,0.000262309204027
ort,0.000258385094306
where,0.000254179307891
myself,0.000250374890937
vs,0.000249266552003
increa,0.000246758160521
crazi,0.000246681055507
us,0.000244829220785
while,0.000244286906889
unabl,0.000242247467116
not_mani,0.000240666256355
21,0.000239693033924
u,0.000230386102954
context,0.000227556034281
area,0.000224096534134
current,0.000222546855233
config,0.000219144980216
see,0.000218557148034
question,0.000217409632091
new,0.000215062720156
cpu,0.00021137108136
includ,0.000207438516856
add,0.000205839108678
home,0.000204922855349
intelorca,0.000203651265125
on,0.000203442818164
open,0.000202761068175
success,0.000202324288096
away,0.00020179802756
sudo,0.000199922326956
big,0.000199167579452
find,0.000197208798908
piec,0.000182061159967
com,0.000181231458804
code,0.000172816971731
put,0.000167158663846
util,0.000167150136928
beauti,0.000164716462577
output,0.000163881545917
noth,0.000144816423538
multipl,0.000142835002506
here,0.000132929392795
list,0.000132776137974
complet,0.00012949090623
not_sur,0.00012775599612
realmswift,0.000122860483368
run,0.000119131343526
x86_64,0.000108769527112
discuss,0.000103638686556
decid,0.000101992232664
replac,0.000100394055653
graphic,9.79379445913e-05
alreadi,9.68531838645e-05
pr,9.5293517201e-05
post,9.39315042924e-05
which,9.32259668682e-05
result,9.21185743637e-05
not_much,9.19505573237e-05
shell,8.97467575928e-05
mobil,8.96838225972e-05
not_deploy,8.83528187848e-05
ok,8.73274585562e-05
method,8.59600700093e-05
xml,8.46928503869e-05
not_want,8.05188575535e-05
differ,7.63580598452e-05
exten,6.72294141683e-05
when,6.53249935345e-05
detail,6.2744596481e-05
error,5.77421043667e-05
plea,5.0602068723e-05
spider,4.85608882166e-05
just,4.7991033434e-05
certain,4.78471584427e-05
bind,4.76739449734e-05
these,4.70986208009e-05
some,4.66115715096e-05
stdin,4.53489578941e-05
observ,4.31164899363e-05
2015,4.10451231708e-05
hack,3.45078984036e-05
not_also,2.86720221507e-05
default,2.84808897608e-05
debug,2.83306466052e-05
hour,2.79143609138e-05
not_befor,2.67876596662e-05
solut,2.52183660528e-05
morn,2.43750420543e-05
rxjava,2.43077801638e-05
book,2.20598215368e-05
had,2.10340334937e-05
not_hard,2.02025436545e-05
50,2.00329296957e-05
rather,2.0006917357e-05
not_sam,1.96029100978e-05
hide,1.93761168129e-05
strang,1.91477318893e-05
point,1.85676947264e-05
github,1.85478772946e-05
browser,1.85213803271e-05
write,1.82768831475e-05
not_when,1.64914755122e-05
must,1.57001185205e-05
tracker,1.55301727623e-05
did,1.55226302882e-05
site,1.52472660954e-05
text,1.39921167304e-05
print,1.37530122806e-05
not_develop,1.37013756958e-05
veri,1.19985861591e-05
toward,1.18739955259e-05
persist,1.03049569021e-05
case,1.02655277587e-05
search,1.01500575717e-05
sure,9.48329544646e-06
bottleneck,8.86391078578e-06
v2,8.6947426441e-06
server,8.63268263583e-06
not_relat,8.24499579995e-06
mani,8.15275005506e-06
not_wait,8.09325862176e-06
optim,7.95432298137e-06
understand,7.94890288446e-06
ept,7.02977530534e-06
though,6.80423310297e-06
flag,6.79305221399e-06
not_typ,6.45194517346e-06
propo,5.83344744922e-06
not_tri,5.70429712567e-06
track,5.57136625884e-06
not_improv,4.58827637151e-06
not_happen,4.06712013542e-06
memori,3.6666511793e-06
they,3.54300160833e-06
guess,3.27496210283e-06
not_latest,2.5387166294e-06
possibl,2.38661731358e-06
peopl,2.29697255463e-06
awar,2.203595786e-06
singl,2.15856570352e-06
luck,2.09362868039e-06
nest,2.08491306057e-06
akarnokd,1.98625588023e-06
yet,1.70468903272e-06
chain,1.29832048489e-06
perfect,8.69056068778e-07
requir,7.88070020797e-07
14,2.56918288284e-07
not_common,2.34213797292e-07
start,2.23722725664e-07
not_rath,1.68393209069e-07
not_fre,1.01230433035e-07
compil,9.63302454504e-08
went,5.57764185864e-08
oper,2.67842431991e-08
doc,2.47047241206e-08
may,1.35865987698e-08
it,7.85485106493e-09
audio,7.45684500308e-09
jasonmalinowski,0.0
buffer,0.0
mine,0.0
account,0.0
not_match,0.0
deci,0.0
hould,0.0
sec,0.0
permiss,0.0
devenv,0.0
tgoyn,0.0
95,0.0
demonstr,0.0
not_copi,0.0
dat,0.0
extrem,0.0
cd,0.0
effect,0.0
toler,0.0
not_screen,0.0
presenc,0.0
proven,0.0
v1,0.0
bring,0.0
focus,0.0
wrote,0.0
sys,0.0
vt,0.0
as,0.0
not_bas,0.0
reject,0.0
core,0.0
not_insert,0.0
not_process,0.0
hp,0.0
overridden,0.0
privileg,0.0
prioriti,0.0
funni,0.0
93,0.0
dupe,0.0
not_lib,0.0
not_permit,0.0
similar,0.0
not_xorg,0.0
not_unmount,0.0
end,0.0
decent,0.0
nov,0.0
their,0.0
not_appreci,0.0
not_guest,0.0
red,0.0
repro,0.0
255,0.0
recur,0.0
observeon,0.0
emiss,0.0
top,0.0
emac,0.0
swap,0.0
progress,0.0
sent,0.0
preserv,0.0
equal,0.0
vidmodeexten,0.0
agignor,0.0
clariti,0.0
hang,0.0
sign,0.0
face,0.0
pure,0.0
win,0.0
et,0.0
xfree86,0.0
not_od,0.0
mous,0.0
hidden,0.0
instruct,0.0
period,0.0
minim,0.0
not_feel,0.0
super,0.0
not_rid,0.0
a,0.0
tabl,0.0
79,0.0
insert,0.0
warn,0.0
earlier,0.0
gener,0.0
dump,0.0
not_mad,0.0
newest,0.0
mutat,0.0
en,0.0
impress,0.0
wheel,0.0
not_somewhat,0.0
di,0.0
not_had,0.0
grab,0.0
length,0.0
wolf,0.0
global_cursor_default,0.0
manual,0.0
overhead,0.0
5,0.0
t,0.0
accel,0.0
115,0.0
consid,0.0
around,0.0
divx118,0.0
v0,0.0
not_download,0.0
repackag,0.0
somewhat,0.0
violat,0.0
automat,0.0
video,0.0
comfort,0.0
not_curr,0.0
not_overrid,0.0
not_put,0.0
proper,0.0
lift,0.0
not_complain,0.0
relev,0.0
cron,0.0
full,0.0
usernam,0.0
till,0.0
not_t,0.0
longer,0.0
land,0.0
mnt,0.0
import,0.0
arrow,0.0
slight,0.0
bc,0.0
stackoverflow,0.0
imo,0.0
not_requir,0.0
handi,0.0
popular,0.0
secur,0.0
button,0.0
not_cach,0.0
disabl,0.0
xfce,0.0
simultan,0.0
not_newli,0.0
again,0.0
pre,0.0
avoid,0.0
not_window,0.0
display,0.0
forward,0.0
driver,0.0
guarant,0.0
jessi,0.0
dmp,0.0
dirti,0.0
crawler,0.0
toggl,0.0
never,0.0
chromeo,0.0
tooltip,0.0
not__,0.0
becom,0.0
queri,0.0
view,0.0
not_becaus,0.0
emit,0.0
robust,0.0
acer,0.0
j,0.0
not_app,0.0
73,0.0
ahead,0.0
often,0.0
stateful_partit,0.0
client,0.0
receiv,0.0
asset,0.0
txt,0.0
200,0.0
ggreer,0.0
concurr,0.0
cover,0.0
backward,0.0
not_just,0.0
behind,0.0
univ,0.0
not_n,0.0
ourselv,0.0
symlink,0.0
not_invok,0.0
constraint,0.0
not_signif,0.0
reveal,0.0
reproduc,0.0
skip,0.0
parent,0.0
not_recommend,0.0
otherwi,0.0
realiti,0.0
artuuid,0.0
lain,0.0
element,0.0
visit,0.0
loglevel,0.0
rest,0.0
repeat,0.0
54,0.0
not_complet,0.0
not_tot,0.0
ecommerc,0.0
devic,0.0
o,0.0
constant,0.0
not_compar,0.0
tim,0.0
linkextractor,0.0
preci,0.0
not_origin,0.0
poor,0.0
not_standard,0.0
repo,0.0
not_did,0.0
approv,0.0
descriptor,0.0
285,0.0
statement,0.0
surpri,0.0
unus,0.0
thought,0.0
consol,0.0
not_templat,0.0
jqueri,0.0
effort,0.0
not_ind,0.0
unlock,0.0
not_push,0.0
chunk,0.0
field,0.0
xenial,0.0
roof,0.0
round,0.0
lud,0.0
respons,0.0
openssl,0.0
not_doubl,0.0
although,0.0
null,0.0
not_been,0.0
intellig,0.0
freon,0.0
osx,0.0
practic,0.0
not_corrupt,0.0
not_github,0.0
through,0.0
head,0.0
themselv,0.0
behavior,0.0
anymor,0.0
tool,0.0
nul,0.0
ajax,0.0
gone,0.0
changelog,0.0
05,0.0
not_disabl,0.0
not_rec,0.0
down,0.0
03,0.0
not_affect,0.0
whenev,0.0
upload,0.0
not_org,0.0
not_achiev,0.0
stick,0.0
almost,0.0
lock,0.0
simpler,0.0
rct2,0.0
margin,0.0
network,0.0
renam,0.0
inc,0.0
despit,0.0
09,0.0
clone,0.0
heart,0.0
not_pid,0.0
prod,0.0
not_understand,0.0
not_hashtre,0.0
hot,0.0
screenshot,0.0
random,0.0
back,0.0
sentenc,0.0
packet,0.0
collect,0.0
newer,0.0
blame,0.0
uild,0.0
foo,0.0
enviro,0.0
bet,0.0
liter,0.0
socket,0.0
studio,0.0
thanx,0.0
not_format,0.0
not_fin,0.0
join,0.0
not_send,0.0
not_retri,0.0
boot,0.0
raw,0.0
not_figur,0.0
not_valu,0.0
simpli,0.0
fal,0.0
radar,0.0
temporari,0.0
kali,0.0
not_loc,0.0
standalon,0.0
host,0.0
fast,0.0
zip,0.0
articl,0.0
not_best,0.0
overwrit,0.0
today,0.0
dealloc,0.0
openrct2,0.0
json,0.0
fire,0.0
huge,0.0
identifi,0.0
mitig,0.0
microsoft,0.0
benefit,0.0
unless,0.0
not_seen,0.0
xkeyboard,0.0
below,0.0
ideal,0.0
mrackwitz,0.0
not_connect,0.0
brake,0.0
begin,0.0
forc,0.0
lapic,0.0
not_nod,0.0
pypi,0.0
storag,0.0
prevent,0.0
input,0.0
not_schedul,0.0
act,0.0
month,0.0
not_result,0.0
protect,0.0
helper,0.0
unknown,0.0
manag,0.0
26,0.0
prop,0.0
inspect,0.0
resolut,0.0
instanc,0.0
btw,0.0
segfault,0.0
alt,0.0
hope,0.0
true,0.0
timefram,0.0
overview,0.0
not_lik,0.0
not_twic,0.0
ubuntu,0.0
not_too,0.0
not_separ,0.0
third,0.0
not_broken,0.0
backtrac,0.0
global,0.0
tmp,0.0
not_heard,0.0
known,0.0
ps,0.0
child,0.0
bo,0.0
not_ect,0.0
not_wrot,0.0
tutori,0.0
log,0.0
cour,0.0
samsung,0.0
invalid,0.0
not_impl,0.0
minifi,0.0
not_stat,0.0
fit,0.0
x,0.0
not_found,0.0
div,0.0
balanc,0.0
lightweight,0.0
lor,0.0
not_manifest,0.0
not_pan,0.0
not_agr,0.0
not_link,0.0
traver,0.0
lifecycl,0.0
rememb,0.0
man,0.0
not_chroot,0.0
tar,0.0
thu,0.0
inact,0.0
consist,0.0
not_treat,0.0
launch,0.0
interpret,0.0
not_sound,0.0
him,0.0
61,0.0
satisfi,0.0
zinnatullin,0.0
payload,0.0
not_serv,0.0
rollercoast,0.0
not_thread,0.0
eption,0.0
attribut,0.0
31,0.0
sort,0.0
not_obvi,0.0
slow,0.0
rel,0.0
not_trusti,0.0
variat,0.0
not_x,0.0
window,0.0
matt,0.0
xinerama,0.0
con,0.0
principl,0.0
not_stil,0.0
kick,0.0
whose,0.0
affect,0.0
with,0.0
avail,0.0
matter,0.0
homebrew,0.0
easi,0.0
half,0.0
do,0.0
afaik,0.0
upon,0.0
howev,0.0
2017,0.0
ssl,0.0
ompil,0.0
beat,0.0
commit,0.0
remind,0.0
specif,0.0
not_api,0.0
that,0.0
binari,0.0
larg,0.0
suit,0.0
walk,0.0
h,0.0
not_subscrib,0.0
40,0.0
not_valid,0.0
not_properti,0.0
not_publish,0.0
q,0.0
volum,0.0
nor,0.0
todo,0.0
not_assum,0.0
not_error_behavior,0.0
abort,0.0
not_ag,0.0
un,0.0
amd64,0.0
rail,0.0
schema,0.0
ci,0.0
not_ref,0.0
ug,0.0
everyon,0.0
fair,0.0
xmethod,0.0
typ,0.0
technic,0.0
not_fast,0.0
sep,0.0
row,0.0
escap,0.0
kir,0.0
comment,0.0
150,0.0
minimum,0.0
batch,0.0
bdash,0.0
ie,0.0
refer,0.0
redund,0.0
00,0.0
ode,0.0
whole,0.0
not_nmi_watchdog,0.0
resum,0.0
not_familiar,0.0
mechan,0.0
shortcut,0.0
not_object,0.0
mysql,0.0
drop,0.0
transport,0.0
high,0.0
pipelin,0.0
anywh,0.0
not_someon,0.0
grow,0.0
not_compil,0.0
pcre,0.0
deploy,0.0
by,0.0
background,0.0
not_realiz,0.0
lead,0.0
lee,0.0
mountain,0.0
creat,0.0
c,0.0
not_key,0.0
ex,0.0
not_fi,0.0
empti,0.0
delay,0.0
47,0.0
not_repro,0.0
tarbal,0.0
soon,0.0
constructor,0.0
mercuri,0.0
programm,0.0
not_mous,0.0
abandon,0.0
_,0.0
not_openssl,0.0
suppli,0.0
codeba,0.0
reproduct,0.0
simplesmil,0.0
16,0.0
conver,0.0
not_conveni,0.0
concat,0.0
whitespac,0.0
not_shar,0.0
forgiv,0.0
titl,0.0
apolog,0.0
februari,0.0
mileston,0.0
01,0.0
not_away,0.0
come,0.0
polit,0.0
chanc,0.0
scm,0.0
39,0.0
care,0.0
descript,0.0
systemd,0.0
f,0.0
kill,0.0
downstream,0.0
his,0.0
outdat,0.0
introduc,0.0
to,0.0
unsupport,0.0
convert,0.0
not_instead,0.0
fact,0.0
wild,0.0
86,0.0
either,0.0
nuget,0.0
cento,0.0
sub,0.0
not_thus,0.0
stuck,0.0
seen,0.0
communiti,0.0
evan,0.0
vehicl,0.0
disappear,0.0
permit,0.0
gitter,0.0
guest,0.0
not_wher,0.0
outlink,0.0
hmm,0.0
transact,0.0
favor,0.0
stop,0.0
scope,0.0
tire,0.0
2012,0.0
pro,0.0
not_head,0.0
move,0.0
not_solv,0.0
limit,0.0
ee,0.0
wish,0.0
lea,0.0
anonym,0.0
ground,0.0
token,0.0
perf,0.0
mailto,0.0
not_let,0.0
not_filt,0.0
grammar,0.0
figur,0.0
integr,0.0
prefi,0.0
not_pass,0.0
cheat,0.0
not_question_mark,0.0
not_manu,0.0
lost,0.0
lib,0.0
applic,0.0
resourc,0.0
agent,0.0
replic,0.0
materi,0.0
processor,0.0
lt,0.0
pid,0.0
not_el,0.0
recompil,0.0
also,0.0
condit,0.0
perspect,0.0
49,0.0
131,0.0
obvious,0.0
configur,0.0
littl,0.0
prior,0.0
32,0.0
132,0.0
park,0.0
not_complex,0.0
git,0.0
damag,0.0
middlewar,0.0
modul,0.0
not_whi,0.0
factori,0.0
reactiv,0.0
react,0.0
alpha,0.0
boolean,0.0
handymen,0.0
euid,0.0
portion,0.0
grace,0.0
prefer,0.0
master,0.0
replay,0.0
hardcod,0.0
reduc,0.0
ca,0.0
not_dupl,0.0
omit,0.0
facilit,0.0
firefo,0.0
music,0.0
ctrl,0.0
not_play,0.0
present,0.0
not_vu,0.0
remain,0.0
base,0.0
engin,0.0
will,0.0
keyboard,0.0
selinux,0.0
not_tmp,0.0
twice,0.0
older,0.0
byte,0.0
70,0.0
not_hop,0.0
prepar,0.0
not_comput,0.0
not_should,0.0
concern,0.0
not_swift,0.0
_might_,0.0
patienc,0.0
not_block,0.0
shel,0.0
obtain,0.0
diagnost,0.0
not_root,0.0
turn,0.0
aliv,0.0
inconveni,0.0
corner,0.0
pool,0.0
peep,0.0
basic,0.0
not_resolv,0.0
js,0.0
backup,0.0
al,0.0
bodi,0.0
twig,0.0
not_appli,0.0
far,0.0
not_y,0.0
march,0.0
ton,0.0
chromium,0.0
distinct,0.0
place,0.0
cocoa,0.0
shm,0.0
org,0.0
wget,0.0
eventu,0.0
not_usernam,0.0
not_bug,0.0
hash,0.0
repositori,0.0
not_tab,0.0
librari,0.0
abov,0.0
best,0.0
consequ,0.0
hold,0.0
87,0.0
not_instanti,0.0
not_leav,0.0
respon,0.0
42,0.0
setter,0.0
solv,0.0
not_earli,0.0
drawback,0.0
recommend,0.0
not_shm,0.0
novemb,0.0
metric,0.0
destroy,0.0
anyway,0.0
advi,0.0
news,0.0
migrat,0.0
handl,0.0
complain,0.0
not_techn,0.0
ran,0.0
everywh,0.0
prompt,0.0
capfil,0.0
erverrc,0.0
languag,0.0
mix,0.0
submit,0.0
not_command,0.0
not_hold,0.0
decod,0.0
scroll,0.0
dri,0.0
lan,0.0
classifi,0.0
19,0.0
menu,0.0
not_nul,0.0
router,0.0
built,0.0
not_high,0.0
not_screenshot,0.0
research,0.0
along,0.0
candid,0.0
advantag,0.0
pst,0.0
not_select,0.0
pick,0.0
inner,0.0
not_optim,0.0
auto,0.0
not_dev,0.0
vanilla,0.0
enter,0.0
misunderstood,0.0
travi,0.0
sp1,0.0
sid,0.0
no,0.0
trace,0.0
layout,0.0
backpressur,0.0
alg,0.0
not_said,0.0
potenti,0.0
not_piwik,0.0
257,0.0
eye,0.0
behav,0.0
licen,0.0
c720,0.0
curio,0.0
usag,0.0
extend,0.0
www,0.0
not_gener,0.0
not_everyon,0.0
bundler,0.0
spec,0.0
addit,0.0
play,0.0
cr,0.0
compat,0.0
not_spid,0.0
specifi,0.0
fatal,0.0
intent,0.0
uninst,0.0
protocol,0.0
how,0.0
not_simpl,0.0
nobodi,0.0
sh,0.0
captur,0.0
none,0.0
not_believ,0.0
synta,0.0
sudden,0.0
dig,0.0
authent,0.0
glob,0.0
render,0.0
not_strict,0.0
55,0.0
dennislfromga,0.0
legaci,0.0
formrequest,0.0
not_exact,0.0
blog,0.0
enjoy,0.0
not_directori,0.0
deal,0.0
not_append,0.0
phone,0.0
lean,0.0
gl,0.0
not_open,0.0
format,0.0
22,0.0
gc,0.0
hit,0.0
contrib,0.0
scala,0.0
unittest,0.0
not_permiss,0.0
select,0.0
rotocol,0.0
stacktrac,0.0
bridg,0.0
sceneri,0.0
from,0.0
cyrusnajmabadi,0.0
not_up,0.0
not_switch,0.0
peter,0.0
presum,0.0
216,0.0
not_sev,0.0
failur,0.0
not_definit,0.0
lxde,0.0
not_receiv,0.0
altern,0.0
re,0.0
not_fil,0.0
knowledg,0.0
delet,0.0
xinputexten,0.0
across,0.0
not_larg,0.0
ice,0.0
not_pract,0.0
_e,0.0
append,0.0
not_test,0.0
restor,0.0
plan,0.0
not_stop,0.0
not_stabl,0.0
pip,0.0
deleg,0.0
main,0.0
publish,0.0
alway,0.0
entranc,0.0
xxx,0.0
clean,0.0
verifi,0.0
not_echo,0.0
sequenc,0.0
serv,0.0
latter,0.0
cant,0.0
particular,0.0
gpg,0.0
envi,0.0
date,0.0
safe,0.0
old,0.0
belong,0.0
extra,0.0
not_roslyn,0.0
answer,0.0
ls,0.0
not_honest,0.0
not_follow,0.0
not_appl,0.0
ascii,0.0
not_du,0.0
newlin,0.0
not_hit,0.0
not_row,0.0
not_caus,0.0
unlik,0.0
disk,0.0
cas,0.0
somehow,0.0
eri,0.0
clearer,0.0
age,0.0
delimit,0.0
not_modeset,0.0
least,0.0
essenti,0.0
not_fail,0.0
not_display,0.0
redirect,0.0
98,0.0
not_openrct2,0.0
friend,0.0
not_automat,0.0
intend,0.0
beyond,0.0
not_instanc,0.0
224,0.0
119,0.0
not_keep,0.0
shown,0.0
interact,0.0
reach,0.0
signal,0.0
not_throw,0.0
someon,0.0
term,0.0
not_off,0.0
preview,0.0
not_contain,0.0
push,0.0
simpl,0.0
less,0.0
scene,0.0
not_kern_guid,0.0
lack,0.0
usabl,0.0
trusti,0.0
speak,0.0
reload,0.0
ai,0.0
not_support,0.0
timelin,0.0
not_insid,0.0
x64,0.0
blank,0.0
oon,0.0
bar,0.0
buggi,0.0
various,0.0
not_succe,0.0
record,0.0
script,0.0
and,0.0
103,0.0
henc,0.0
mmap,0.0
ession,0.0
pattern,0.0
pixel,0.0
gateway,0.0
self,0.0
zero,0.0
size,0.0
reset,0.0
promi,0.0
intel,0.0
tonight,0.0
not_matt,0.0
rout,0.0
everybodi,0.0
not_upd,0.0
pipe,0.0
ongo,0.0
busi,0.0
extractor,0.0
speed,0.0
36,0.0
not_must,0.0
trigger,0.0
javadoc,0.0
184,0.0
not_unsubscrib,0.0
correspond,0.0
not_op,0.0
prefix,0.0
not_finish,0.0
99,0.0
item,0.0
togeth,0.0
2506752,0.0
284,0.0
useca,0.0
linux,0.0
octob,0.0
reusabl,0.0
jsfiddl,0.0
not_dynam,0.0
not_situat,0.0
filter,0.0
environ,0.0
forth,0.0
person,0.0
cast,0.0
not_help,0.0
css,0.0
not_second,0.0
not_peep,0.0
report,0.0
not_click,0.0
not_everyth,0.0
desir,0.0
event,0.0
not_glob,0.0
precis,0.0
match,0.0
worri,0.0
io,0.0
not_not,0.0
overrid,0.0
not_anyth,0.0
not_mind,0.0
upd,0.0
not_suggest,0.0
dure,0.0
not_repo,0.0
not_chang,0.0
not_syntax,0.0
not_veri,0.0
garbag,0.0
html,0.0
station,0.0
app,0.0
w,0.0
exit,0.0
91,0.0
newli,0.0
dev_wait,0.0
kern_guid,0.0
reboot,0.0
choo,0.0
outlin,0.0
rb,0.0
conflict,0.0
somewh,0.0
crouton,0.0
generic,0.0
store,0.0
lucki,0.0
not_ent,0.0
downgrad,0.0
reason,0.0
not_specif,0.0
ide,0.0
subscript,0.0
not_publ,0.0
said,0.0
ipv6,0.0
not_last,0.0
got,0.0
simplifi,0.0
touch,0.0
int,0.0
gotten,0.0
regardless,0.0
pair,0.0
box,0.0
probabl,0.0
not_noresum,0.0
mention,0.0
not_relea,0.0
number,0.0
ms,0.0
not_ful,0.0
misc,0.0
v,0.0
minus,0.0
last,0.0
suggest,0.0
clarifi,0.0
not_tak,0.0
not_saw,0.0
not_main,0.0
node,0.0
detach,0.0
not_termin,0.0
vote,0.0
selector,0.0
price,0.0
codeanalysi,0.0
analysi,0.0
startup,0.0
regex,0.0
not_everi,0.0
workaround,0.0
itself,0.0
workspac,0.0
unsubscrib,0.0
rootf,0.0
setup,0.0
via,0.0
greet,0.0
notifi,0.0
without,0.0
appar,0.0
useless,0.0
semant,0.0
not_exten,0.0
switch,0.0
not_suppo,0.0
not_accept,0.0
exact,0.0
provid,0.0
not_visu,0.0
parti,0.0
total,0.0
squar,0.0
shot,0.0
note,0.0
rule,0.0
rege,0.0
tile,0.0
especi,0.0
not_reset,0.0
disagr,0.0
sav,0.0
succeed,0.0
not_limit,0.0
not_yield,0.0
not_set,0.0
r11,0.0
not_left,0.0
not_guess,0.0
argu,0.0
slot,0.0
dom,0.0
41,0.0
53,0.0
not_ago,0.0
fli,0.0
watch,0.0
enabl,0.0
deem,0.0
unaffect,0.0
yourself,0.0
ut,0.0
arch,0.0
not_get,0.0
illustr,0.0
not_saf,0.0
not_mnt,0.0
not_se,0.0
not_mayb,0.0
not_icon,0.0
rct1,0.0
attract,0.0
maximum,0.0
not_usu,0.0
02,0.0
hear,0.0
not_provid,0.0
not_io,0.0
platform,0.0
pageview,0.0
not_incompat,0.0
lambda,0.0
split,0.0
not_car,0.0
filesystem,0.0
front,0.0
program,0.0
43,0.0
maco,0.0
theme,0.0
guid,0.0
mail,0.0
root_hexdigest,0.0
not_forc,0.0
not_config,0.0
simul,0.0
not_written,0.0
easier,0.0
88,0.0
mutabl,0.0
not_simpli,0.0
6,0.0
not_ev,0.0
dri2,0.0
ro,0.0
yield,0.0
night,0.0
logger,0.0
veriti,0.0
ppa,0.0
sshkit,0.0
not_catch,0.0
primari,0.0
lient,0.0
valid,0.0
wrapp,0.0
low,0.0
python2,0.0
probe,0.0
benjchristensen,0.0
break,0.0
intern,0.0
randr,0.0
varieti,0.0
associ,0.0
not_unabl,0.0
referenc,0.0
appl,0.0
fork,0.0
not_incorrect,0.0
contribut,0.0
zsxwing,0.0
par,0.0
not_messag,0.0
pulseaudio,0.0
not_somehow,0.0
not_pretti,0.0
not_compl,0.0
hashstart,0.0
not_sad,0.0
design,0.0
complex,0.0
not_ask,0.0
compar,0.0
ftp,0.0
ma,0.0
not_url,0.0
not_plea,0.0
xorg_backtrac,0.0
subdirectori,0.0
role,0.0
virtual,0.0
wil,0.0
45,0.0
life,0.0
grep,0.0
not_consid,0.0
chromebook,0.0
i386,0.0
choic,0.0
13,0.0
not_artuuid,0.0
readm,0.0
per,0.0
control,0.0
not_known,0.0
enforc,0.0
reader,0.0
android,0.0
year,0.0
panel,0.0
common,0.0
not_again,0.0
keyword,0.0
traceback,0.0
charact,0.0
throw,0.0
not_wild,0.0
not_reproduc,0.0
who,0.0
strategi,0.0
love,0.0
not_least,0.0
param,0.0
against,0.0
not_lain,0.0
not_docu,0.0
michael,0.0
dpms,0.0
128,0.0
among,0.0
brow,0.0
attempt,0.0
harder,0.0
not_modifi,0.0
not_soon,0.0
anyon,0.0
not_oop,0.0
iphon,0.0
hashtre,0.0
fetch,0.0
hop,0.0
dark,0.0
udo,0.0
campaign,0.0
trick,0.0
remot,0.0
construct,0.0
gitignor,0.0
not_ept,0.0
culprit,0.0
not_request,0.0
modifi,0.0
jump,0.0
silver,0.0
vb,0.0
api,0.0
inconsist,0.0
heejaechang,0.0
11,0.0
air,0.0
paramet,0.0
12,0.0
clear,0.0
frequent,0.0
not_produc,0.0
ping,0.0
dangra,0.0
iter,0.0
opposit,0.0
claim,0.0
prs,0.0
fall,0.0
gist,0.0
quit,0.0
evalu,0.0
small,0.0
posit,0.0
fi,0.0
async,0.0
impli,0.0
not_forum,0.0
not_touch,0.0
noinitrd,0.0
dotfil,0.0
further,0.0
flat,0.0
histori,0.0
info,0.0
frustrat,0.0
rotat,0.0
suppo,0.0
mc,0.0
not_net,0.0
plain,0.0
exec,0.0
learn,0.0
letter,0.0
immedi,0.0
onlin,0.0
screen,0.0
not_break,0.0
descend,0.0
swift,0.0
52,0.0
greater,0.0
cc,0.0
water,0.0
forgot,0.0
static,0.0
not_perform,0.0
not_remain,0.0
django,0.0
uniti,0.0
claus,0.0
profil,0.0
tru,0.0
dialog,0.0
submiss,0.0
nfs,0.0
hint,0.0
not_i,0.0
anoth,0.0
not_b,0.0
wiki,0.0
section,0.0
not_entir,0.0
visual,0.0
pictur,0.0
tpm_tis,0.0
revert,0.0
forum,0.0
junit,0.0
crosh,0.0
manifest,0.0
goe,0.0
enum,0.0
crawlspid,0.0
calcul,0.0
not_check,0.0
combin,0.0
state,0.0
june,0.0
not_remot,0.0
not_python,0.0
fresh,0.0
sake,0.0
not_c,0.0
not_thank,0.0
stand,0.0
not_about,0.0
not_post,0.0
xephyr,0.0
__libc_start_main,0.0
ever,0.0
path,0.0
wrapper,0.0
problemat,0.0
curl,0.0
motioncompen,0.0
alrz,0.0
multi,0.0
font,0.0
07,0.0
pi,0.0
not_discuss,0.0
impact,0.0
paus,0.0
proguard,0.0
not_apr,0.0
challeng,0.0
readabl,0.0
forget,0.0
usual,0.0
el,0.0
not_propag,0.0
onerror,0.0
cach,0.0
amount,0.0
bunch,0.0
basi,0.0
composit,0.0
patch,0.0
salt,0.0
not_almost,0.0
not_custom,0.0
piwik,0.0
everi,0.0
machin,0.0
alloc,0.0
tue,0.0
david,0.0
reat,0.0
gap,0.0
not_sent,0.0
not_sinc,0.0
not_say,0.0
fill,0.0
rake,0.0
unit,0.0
2013,0.0
il,0.0
subject,0.0
not_shut,0.0
op,0.0
checkbox,0.0
crit,0.0
abil,0.0
edg,0.0
not_usag,0.0
lower,0.0
modif,0.0
des,0.0
media,0.0
anyth,0.0
visitor,0.0
engag,0.0
jpsim,0.0
i915,0.0
not_howev,0.0
famili,0.0
near,0.0
respect,0.0
foreach,0.0
conveni,0.0
not_most,0.0
email,0.0
libc,0.0
interfac,0.0
deep,0.0
not_avail,0.0
dotnet,0.0
not_pattern,0.0
not_includ,0.0
not_hello,0.0
not_shown,0.0
region,0.0
accord,0.0
player,0.0
wide,0.0
process,0.0
carthag,0.0
nil,0.0
send,0.0
max,0.0
not_usr,0.0
give,0.0
wildcard,0.0
assign,0.0
noswap,0.0
dm_veriti,0.0
not_alg,0.0
branch,0.0
until,0.0
not_rememb,0.0
august,0.0
not_eith,0.0
not_clean,0.0
prototyp,0.0
major,0.0
kept,0.0
not_encrypt,0.0
not_far,0.0
erienc,0.0
short,0.0
queue,0.0
hm,0.0
second,0.0
clr,0.0
callback,0.0
panic,0.0
due,0.0
direct,0.0
not_giv,0.0
not_eg,0.0
strip,0.0
measur,0.0
side,0.0
scenario,0.0
status,0.0
not_empti,0.0
shift,0.0
depend,0.0
hello,0.0
shape,0.0
not_top,0.0
ing,0.0
275,0.0
hurt,0.0
not_execut,0.0
not_alway,0.0
not_featur,0.0
obsolet,0.0
18,0.0
partnroff,0.0
not_offici,0.0
faq,0.0
cat,0.0
187,0.0
mainten,0.0
not_inform,0.0
giant,0.0
fuse,0.0
member,0.0
databa,0.0
imho,0.0
not_delet,0.0
ident,0.0
three,0.0
not_m,0.0
larger,0.0
06,0.0
not_certain,0.0
distribut,0.0
lose,0.0
curious,0.0
not_possibl,0.0
trap,0.0
stderr,0.0
treat,0.0
mistak,0.0
sandbox,0.0
canon,0.0
week,0.0
reinstal,0.0
bas,0.0
62,0.0
inject,0.0
not_merg,0.0
regen,0.0
de,0.0
not_return,0.0
init,0.0
k,0.0
yy,0.0
f2,0.0
110,0.0
appli,0.0
reopen,0.0
declar,0.0
123,0.0
not_reopen,0.0
continu,0.0
allow,0.0
previous,0.0
notif,0.0
not_inst,0.0
mb,0.0
filenam,0.0
overload,0.0
privat,0.0
custom,0.0
deprec,0.0
light,0.0
clash,0.0
http,0.0
not_avoid,0.0
logic,0.0
broke,0.0
24,0.0
suspect,0.0
typo,0.0
familiar,0.0
char,0.0
sauci,0.0
inherit,0.0
instanti,0.0
refresh,0.0
readon,0.0
widget,0.0
firefox,0.0
steam,0.0
not_easi,0.0
not_correct,0.0
artem,0.0
recip,0.0
emitt,0.0
incom,0.0
not_easili,0.0
foreground,0.0
not_nest,0.0
hi,0.0
assumpt,0.0
magic,0.0
etc,0.0
dir,0.0
investig,0.0
bound,0.0
biggest,0.0
not_yeah,0.0
sweet,0.0
admin,0.0
not_v,0.0
comprehen,0.0
don,0.0
flash,0.0
not_attribut,0.0
saw,0.0
sync,0.0
kishikawakatsumi,0.0
depth,0.0
few,0.0
coaster,0.0
nativ,0.0
cleanup,0.0
not_may,0.0
10000,0.0
sd,0.0
0ubuntu2,0.0
33,0.0
error_behavior,0.0
not_scrapi,0.0
translat,0.0
sv6,0.0
29,0.0
not_anoth,0.0
2016,0.0
involv,0.0
listen,0.0
subscrib,0.0
not_read,0.0
headless,0.0
not_find,0.0
ev,0.0
wait,0.0
black,0.0
emb,0.0
ambigu,0.0
not_ut,0.0
fwiw,0.0
accomplish,0.0
develop,0.0
webpack,0.0
determin,0.0
mess,0.0
not_com,0.0
210,0.0
vendor,0.0
75,0.0
definit,0.0
admit,0.0
entiti,0.0
not_lambda,0.0
emul,0.0
countri,0.0
not_invalid,0.0
restrict,0.0
seenmyf,0.0
smp,0.0
invok,0.0
deb,0.0
appreci,0.0
option,0.0
37,0.0
worker,0.0
spam,0.0
merg,0.0
not_smal,0.0
not_impact,0.0
not_behavior,0.0
enhanc,0.0
chat,0.0
erver,0.0
not_altern,0.0
boundari,0.0
pixman,0.0
quick,0.0
cheer,0.0
befor,0.0
meta,0.0
hundr,0.0
halofour,0.0
arm,0.0
gemfil,0.0
linu,0.0
not_uniqu,0.0
stupid,0.0
level,0.0
offici,0.0
fallback,0.0
not_unicod,0.0
sooner,0.0
transit,0.0
complic,0.0
xfce4,0.0
dict,0.0
not_ubuntu,0.0
share,0.0
10,0.0
argument,0.0
flexibl,0.0
dm,0.0
not_ment,0.0
out,0.0
nope,0.0
detect,0.0
counter,0.0
glitch,0.0
structur,0.0
test,0.0
cultur,0.0
diagno,0.0
easili,0.0
ear,0.0
600,0.0
abstract,0.0
finish,0.0
metadata,0.0
hand,0.0
power,0.0
pretend,0.0
pretti,0.0
var,0.0
finger,0.0
talk,0.0
500,0.0
interop,0.0
not_whol,0.0
jmarolf,0.0
graph,0.0
purpo,0.0
not_build,0.0
imposs,0.0
rang,0.0
invoc,0.0
accid,0.0
visibl,0.0
late,0.0
pilchi,0.0
owner,0.0
not_capistrano,0.0
thrown,0.0
shorter,0.0
arg,0.0
unread,0.0
eliasdornel,0.0
team,0.0
not_packag,0.0
not_languag,0.0
review,0.0
count,0.0
knew,0.0
000,0.0
middl,0.0
colour,0.0
take,0.0
not_otherwi,0.0
deeper,0.0
comparison,0.0
sbin,0.0
gcc,0.0
individu,0.0
word,0.0
not_ne,0.0
not_method,0.0
not_machin,0.0
debugg,0.0
not_worth,0.0
recogn,0.0
flip,0.0
not_detect,0.0
employ,0.0
color,0.0
rvm,0.0
not_nativ,0.0
over,0.0
straight,0.0
not_debian,0.0
afraid,0.0
demo,0.0
not_rend,0.0
not_deprec,0.0
not_show,0.0
offset,0.0
rootwait,0.0
60,0.0
iwik,0.0
not_locat,0.0
not_around,0.0
not_unix,0.0
not_font,0.0
tart,0.0
readi,0.0
rlmrealm,0.0
not_subscript,0.0
gz,0.0
gnu,0.0
omplet,0.0
decoupl,0.0
icon,0.0
not_end,0.0
davidarno,0.0
autom,0.0
traffic,0.0
not_pos_emoticon,0.0
not_cod,0.0
sna,0.0
not_launch,0.0
not_depend,0.0
width,0.0
51,0.0
ath,0.0
fiddl,0.0
vm,0.0
past,0.0
ha1,0.0
adjust,0.0
sdk,0.0
massiv,0.0
cala,0.0
therefor,0.0
data,0.0
atom,0.0
folder,0.0
entri,0.0
not_ignor,0.0
heavili,0.0
style,0.0
session,0.0
not_writ,0.0
immut,0.0
inlin,0.0
web,0.0
csharplang,0.0
not_un,0.0
faster,0.0
within,0.0
infinit,0.0
risk,0.0
bigger,0.0
object,0.0
not_extern,0.0
opinion,0.0
not_report,0.0
not_start,0.0
not_add_efi_memmap,0.0
not_sem,0.0
yml,0.0
repr,0.0
not_non,0.0
downsid,0.0
first,0.0
not_str,0.0
placehold,0.0
map,0.0
not_extra,0.0
not_solut,0.0
not_both,0.0
not_samsung,0.0
not_short,0.0
websit,0.0
address,0.0
boilerpl,0.0
ensur,0.0
label,0.0
not_erv,0.0
revi,0.0
situat,0.0
left,0.0
not_freon,0.0
submodul,0.0
not_great,0.0
throughout,0.0
standard,0.0
not_tel,0.0
isol,0.0
toshiba,0.0
scheme,0.0
usb,0.0
hover,0.0
numer,0.0
stabl,0.0
normal,0.0
not_d,0.0
loop,0.0
mark,0.0
timeout,0.0
termin,0.0
rewrit,0.0
say,0.0
not_seem,0.0
implicit,0.0
signatur,0.0
monitor,0.0
not_next,0.0
not_probabl,0.0
not_forward,0.0
alsa,0.0
flatten,0.0
advic,0.0
perl,0.0
udev,0.0
not_even,0.0
live,0.0
not_vari,0.0
janisozaur,0.0
doubl,0.0
hill,0.0
creation,0.0
servic,0.0
not_search,0.0
f3,0.0
dynam,0.0
highest,0.0
suppress,0.0
fyi,0.0
min,0.0
not_util,0.0
subfold,0.0
benchmark,0.0
bundl,0.0
twist,0.0
not_enabl,0.0
encod,0.0
not_upload,0.0
doubt,0.0
analyz,0.0
roller,0.0
not_activ,0.0
pathnam,0.0
train,0.0
not_composit,0.0
not_track,0.0
lazi,0.0
flow,0.0
not_meant,0.0
proc,0.0
brand,0.0
net,0.0
space,0.0
manipul,0.0
general,0.0
not_back,0.0
backend,0.0
gradl,0.0
linq,0.0
not_tru,0.0
symbol,0.0
wow,0.0
ini,0.0
money,0.0
retriev,0.0
intellisen,0.0
not_filenam,0.0
powerwash,0.0
verbo,0.0
not_don,0.0
realiz,0.0
not_observ,0.0
une,0.0
dashboard,0.0
templat,0.0
not_then,0.0
not_thought,0.0
p,0.0
meanwhil,0.0
nexus,0.0
incr,0.0
ome,0.0
3rd,0.0
x11,0.0
stream,0.0
consum,0.0
not_seri,0.0
getter,0.0
na,0.0
scratch,0.0
routon,0.0
v3,0.0
pdt,0.0
annot,0.0
foundat,0.0
equiv,0.0
posva,0.0
17,0.0
not_fat,0.0
abl,0.0
not_less,0.0
not_appear,0.0
cros_secur,0.0
vroot,0.0
disregard,0.0
layer,0.0
scan,0.0
100,0.0
asus,0.0
7,0.0
not_low,0.0
instead,0.0
effici,0.0
not_argu,0.0
imag,0.0
not_error,0.0
oct,0.0
oncomplet,0.0
unmount,0.0
mind,0.0
ip,0.0
not_do,0.0
not_doc,0.0
not_linu,0.0
not_graph,0.0
not_light,0.0
roslyn,0.0
not_reinst,0.0
25,0.0
php,0.0
not_reach,0.0
not_notif,0.0
archiv,0.0
adopt,0.0
center,0.0
not_allow,0.0
content,0.0
chrono,0.0
rx,0.0
goal,0.0
encrypt,0.0
not_emit,0.0
buff,0.0
not_id,0.0
b,0.0
await,0.0
not_similar,0.0
mad,0.0
quot,0.0
not_long,0.0
not_inconsist,0.0
model,0.0
hey,0.0
pm,0.0
ui,0.0
activ,0.0
narrow,0.0
not_liv,0.0
revenu,0.0
src,0.0
59,0.0
not_xiwi,0.0
folk,0.0
not_log,0.0
not_o,0.0
tmat,0.0
softwar,0.0
not_u,0.0
not_diff,0.0
not_someth,0.0
tsteur,0.0
not_paramet,0.0
imagin,0.0
ridicul,0.0
not_awar,0.0
ros_secur,0.0
brought,0.0
cycl,0.0
for,0.0
jvm,0.0
futur,0.0
car,0.0
phrase,0.0
form,0.0
not_ok,0.0
unicod,0.0
fan,0.0
becam,0.0
partial,0.0
not_clear,0.0
not_linux,0.0
onnext,0.0
fulli,0.0
gem,0.0
tab,0.0
typic,0.0
bottom,0.0
natur,0.0
told,0.0
not_load,0.0
the,0.0
contract,0.0
taken,0.0
summari,0.0
not_sync,0.0
xinit,0.0
lus,0.0
syntax,0.0
64,0.0
56,0.0
came,0.0
callstack,0.0
alright,0.0
of,0.0
econd,0.0
_not_,0.0
perform,0.0
2014,0.0
not_issu,0.0
sln,0.0
127,0.0
i,0.0
group,0.0
besid,0.0
not_often,0.0
not_sourc,0.0
cocoapod,0.0
not_subset,0.0
not_bad,0.0
conclus,0.0
not_ani,0.0
rubi,0.0
regular,0.0
integ,0.0
opengl,0.0
tedm,0.0
not_mov,0.0
advanc,0.0
internet,0.0
than,0.0
env,0.0
mirror,0.0
difficult,0.0
not_alreadi,0.0
upper,0.0
not_upgrad,0.0
not_readi,0.0
tpl,0.0
encount,0.0
go,0.0
onto,0.0
not_retriev,0.0
gather,0.0
unstabl,0.0
parallel,0.0
acknowledg,0.0
given,0.0
gui,0.0
not_repli,0.0
wonder,0.0
jar,0.0
not_bundl,0.0
not_speci,0.0
pay,0.0
y,0.0
segment,0.0
mixin,0.0
url,0.0
job,0.0
plug,0.0
off,0.0
anim,0.0
dbus,0.0
relationship,0.0
whatev,0.0
not_old,0.0
not_realm,0.0
flatmap,0.0
not_crash,0.0
patrol,0.0
shut,0.0
between,0.0
not_v2,0.0
unsubscript,0.0
cut,0.0
fault,0.0
not_sometim,0.0
not_gnom,0.0
diagram,0.0
necessari,0.0
yellow,0.0
jan,0.0
not_prop,0.0
produc,0.0
beta,0.0
not_creat,0.0
check,0.0
not_etc,0.0
102,0.0
children,0.0
not_consist,0.0
not_rxjava,0.0
97,0.0
not_her,0.0
root,0.0
onc,0.0
not_titl,0.0
not_www,0.0
not_scal,0.0
cursor,0.0
freez,0.0
packag,0.0
okay,0.0
not_given,0.0
achiev,0.0
digeni,0.0
const,0.0
ea,0.0
draw,0.0
feedback,0.0
public,0.0
not_map,0.0
err,0.0
chef,0.0
not_anyway,0.0
surfac,0.0
doabl,0.0
ago,0.0
ext,0.0
82,0.0
not_exampl,0.0
checkout,0.0
74,0.0
tag,0.0
localhost,0.0
english,0.0
reli,0.0
wan,0.0
bus,0.0
lugin,0.0
not_therefor,0.0
stat,0.0
litter,0.0
feasibl,0.0
assert,0.0
namespac,0.0
not_exist,0.0
order,0.0
not_edit,0.0
clue,0.0
index,0.0
editor,0.0
not_quick,0.0
ssh,0.0
timestamp,0.0
69,0.0
not_maintain,0.0
card,0.0
german,0.0
alongsid,0.0
not_pref,0.0
our,0.0
vuej,0.0
not_run,0.0
regress,0.0
not_mor,0.0
bracket,0.0
not_previ,0.0
javascript,0.0
made,0.0
kernel,0.0
higher,0.0
23,0.0
not_necessarili,0.0
python,0.0
dga,0.0
assembl,0.0
attent,0.0
mac,0.0
infrastructur,0.0
subqueri,0.0
real,0.0
not_occur,0.0
ask,0.0
utf,0.0
behaviour,0.0
extern,0.0
cross,0.0
not_wrong,0.0
author,0.0
touchpad,0.0
startxfce4,0.0
not_pul,0.0
not_softwar,0.0
cli,0.0
discard,0.0
port,0.0
node_modul,0.0
verif,0.0
not_got,0.0
terribl,0.0
not_alt,0.0
python3,0.0
inform,0.0
unmanag,0.0
unbound,0.0
click,0.0
googl,0.0
movement,0.0
sun,0.0
thousand,0.0
duplic,0.0
mustach,0.0
plenti,0.0
header,0.0
defer,0.0
synchron,0.0
l,0.0
not_absolut,0.0
ervtransmkdir,0.0
encourag,0.0
not_big,0.0
croutonv,0.0
unrel,0.0
stay,0.0
cod,0.0
plus,0.0
bash,0.0
build,0.0
ess,0.0
pop,0.0
not_configur,0.0
_after_,0.0
xorg,0.0
snippet,0.0
not_such,0.0
not_default,0.0
indic,0.0
im,0.0
offer,0.0
an,0.0
press,0.0
topic,0.0
login,0.0
not_look,0.0
later,0.0
tip,0.0
writ,0.0
20,0.0
ticket,0.0
not_secur,0.0
not_keyboard,0.0
loc,0.0
neither,0.0
updat,0.0
svick,0.0
not_generat,0.0
right,0.0
not_might,0.0
eg,0.0
next,0.0
ehlersd,0.0
x86,0.0
not_pres,0.0
coupl,0.0
occur,0.0
lang,0.0
interrupt,0.0
world,0.0
opportun,0.0
kde,0.0
action,0.0
asynchron,0.0
rever,0.0
100k,0.0
tell,0.0
not_warn,0.0
dot,0.0
subclass,0.0
architectur,0.0
meet,0.0
clarif,0.0
not_clos,0.0
column,0.0
undefin,0.0
nb,0.0
gafter,0.0
not_confirm,0.0
rate,0.0
outsid,0.0
usr,0.0
not_bind,0.0
regist,0.0
not_in,0.0
reflect,0.0
dispo,0.0
dive,0.0
pointer,0.0
token_auth,0.0
debian,0.0
uni,0.0
xiwi,0.0
respond,0.0
access,0.0
manner,0.0
not_unzip,0.0
day,0.0
wrap,0.0
96,0.0
coverag,0.0
46,0.0
not_sav,0.0
multiplay,0.0
ah,0.0
not_down,0.0
not_ro,0.0
proxi,0.0
wherea,0.0
not_revert,0.0
svn,0.0
handler,0.0
not_updat,0.0
not_implicit,0.0
bogus,0.0
not_confus,0.0
password,0.0
not_somewh,0.0
vipsoft,0.0
spent,0.0
bin,0.0
rare,0.0
not_regist,0.0
not_tend,0.0
highlight,0.0
cancel,0.0
cmd,0.0
not_new,0.0
headinthebox,0.0
hook,0.0
ack,0.0
not_git,0.0
not_localhost,0.0
not_ensur,0.0
each,0.0
rc,0.0
thus,0.0
not_direct,0.0
framework,0.0
db,0.0
vs2015,0.0
not_continu,0.0
not_wrap,0.0
eleg,0.0
stuff,0.0
not_defin,0.0
drag,0.0
not_rol,0.0
meantim,0.0
incorrect,0.0
initi,0.0
dnschneid,0.0
fil,0.0
alot,0.0
overflow,0.0
rai,0.0
glx,0.0
frame,0.0
dsl,0.0
subsequ,0.0
not_r,0.0
upgrad,0.0
extract,0.0
not_so,0.0
30,0.0
save,0.0
not_ui,0.0
not_cal,0.0
not_took,0.0
not_pi,0.0
gnome,0.0
administr,0.0
sanit,0.0
mode,0.0
uniqu,0.0
crawl,0.0
ress,0.0
msbuild,0.0
tupl,0.0
not_miss,0.0
pod,0.0
free,0.0
not_crouton,0.0
everyth,0.0
76,0.0
carri,0.0
defin,0.0
not_en,0.0
sleep,0.0
usercountri,0.0
runtim,0.0
44,0.0
not_assumpt,0.0
minor,0.0
popul,0.0
shed,0.0
anali,0.0
watcher,0.0
tricki,0.0
dispatch,0.0
race,0.0
mon,0.0
absolut,0.0
hardwar,0.0
startun,0.0
rollback,0.0
implement,0.0
faddah,0.0
notic,0.0
conf,0.0
not_patch,0.0
dist,0.0
guy,0.0
https,0.0
messag,0.0
not_charact,0.0
not_norm,0.0
not_mean,0.0
roll,0.0
kmike,0.0
not_specifi,0.0
27,0.0
scrape,0.0
npm,0.0
repli,0.0
not_lat,0.0
deni,0.0
batteri,0.0
os,0.0
echo,0.0
pain,0.0
recal,0.0
elabor,0.0
not_gav,0.0
vim,0.0
mayb,0.0
not_multipl,0.0
occas,0.0
id,0.0
consult,0.0
tech,0.0
dont,0.0
close,0.0
unpack,0.0
not_abov,0.0
not_unfortun,0.0
origin,0.0
moment,0.0
leav,0.0
def,0.0
